plat,pays,ingrédients
Gaspacho manchois,Espagne,farine de blé
Gaufre aux fruits,Belgique,pâte
kimuchidon,Japon,"riz, kimchi"
mousse de foie de canard au porto,France,"poivre, œuf, Porto, viande de canard, crème fraîche"
tablier de sapeur,France,Gras-double
Nasi kandar,Malaisie,riz
Siopao,Philippines,amidon
Kesme,Turquie,"eau, sel, œuf, farine"
Ezogelin soup,Turquie,boulghour
focaccia barese,Italie,"eau, sucre, sel, farine, huile, levure, Origanum, olive, pomme de terre, tomate"
Q3826092,Espagne,riz
carcamusa,Espagne,"légume, viande de porc"
pâtes farcies,"Italie, Russie, Chine",couvrant
Q3920731,République des Deux Nations,"bière, sel, Kvas"
Sartù di riso,Italie,"riz, œuf, saucisse, salami, foie, sauce tomate, provola fumé, boulette de viande, pea"
squash caviar,Russie,courgette
Karedok,Indonésie,Saté
Komanmelna,"Russie, République des Maris",farine
Kuirdak,"Kazakhstan, Kirghizistan","oignon, viande d'agneau"
Hrenovina,Russie,"Chrain, tomate, tête d'ail"
Ambuyat,Brunei,Sagou
Bouillon,Haïti,viande
Cantonese seafood soup,République populaire de Chine,produit de la mer
cauliflower cheese,Royaume-Uni,Brassica oleracea var. botrytis
Chao hong guo,République populaire de Chine,Crataegus pinnatifida
Chexo,Tibet,"riz, yaourt"
riz à la noix de coco,Inde,noix de coco
drunken noodles,Thaïlande,Shahe fen
Oyakodon,Japon,"riz, œuf, viande de poulet"
pain à l'ail,Italie,"pain, gousse d’ail"
sandwich au beurre de cacahuète et à la confiture,États-Unis,"confiture, pain, Beurre d'arachide"
edamame,Japon,soy bean
Pa amb tomàquet,Espagne,tomate
Gofio,Espagne,céréale
Bœuf Wellington,Angleterre,filet de bœuf
Gnocchi alla romana,Italie,semoule
Scotch egg,Royaume-Uni,"œuf, œuf à la coque, viande hachée"
Karelian hot pot,Finlande,viande
salmorejo,Espagne,"chlorure de sodium, pain, huile d'olive, tomate, tête d'ail"
Calv steak Adlon,Allemagne,"rein, patata, Œufs brouillés, Sauce madère, veau, œuf de poule, pomme de terre"
Tartiflette,France,pomme de terre
Pão de queijo,Brésil,manioc
ajapsandali,"Azerbaïdjan, Géorgie",aubergine
roti,"Inde, Pakistan, sous-continent",Atta
Uszka,Pologne,pâte
Basboussa,Érythrée,semoule
Poulet tikka,Pakistan,viande de poulet
Wurstbrot,Allemagne,pain
Sorrel soup,Russie,"eau, Oseille commune"
anticucho,Pérou,"Abat, Capsicum chinense"
Agedashi dofu,Japon,"tofu, fécule de pomme de terre, Tentsuyu, Japanese radish"
Fried Green Tomatoes,États-Unis,tomate
mloukhiya,Turquie,Abelmoschus esculentus
Gelée d'anguille,Royaume-Uni,Anguilliformes
Shoti,Géorgie,blé
ragoût,Italie,légume
canard aux navets,France,"beurre, viande de canard, oignon, navet"
Cock-a-leekie,Écosse,poireau
confit de canard,France,viande de canard
poulet tikka masala,Inde,"crème, yaourt, piment, viande de poulet, noix de coco, oignon, gingembre, tomate, tête d'ail"
Œufs brouillés,France,œuf
Gyros,Grèce,pain pita
Soupe de nouilles au bœuf,République populaire de Chine,viande bovine
Katsudon,Japon,"riz, tonkatsu"
Perle de coco (nuomici),République populaire de Chine,noix de coco
Naengmyeon,Corée,nouille
quiche,France,"pâte brisée, migaine"
Toad in the hole,Royaume-Uni,saucisse
Empanada,"Espagne, Amérique latine",pâtisserie
Badridjani nigvzit,Géorgie,aubergine
Banana bread,États-Unis,"eau, banane, sucre, blé"
Banbury cake,Royaume-Uni,pâte feuilletée
beignet,France,"sucre glace, pâte"
Pâté,"Belgique, France","foie, viande hachée"
Siemieniotka,Pologne,graine
bouillabaisse,France,"poisson, croûton, rouille, soupe de poisson, tête d'ail"
Bethmännchen,Allemagne,massepain
Jiuniang,République populaire de Chine,riz gluant
cart noodle,Hong Kong,farine
Tzatzíki,Turquie,"yaourt, Leben, concombre"
jokbal,Corée,jarret de porc
pumpernickel,Allemagne,farine de seigle
Beef chow fun,République populaire de Chine,germe de légume sec
Poulet du général Tao,"République populaire de Chine, Taïwan",viande de poulet
soufflé,France,jaune d'oeuf
fondue chinoise,Mongolie,"Jjigae, nabe (cuisine), fondue chinoise, Mu kratha"
hobak-juk,Corée,riz gluant
Bœuf Stroganov,"Russie, Empire russe",viande bovine
sukiyaki,Japon,viande bovine
quesadilla,Mexique,tortilla
Fajita,Mexique,tortilla
Butadon,Japon,"riz, viande de porc"
Mofongo,Porto Rico,banane plantain
gopchang,Corée,intestin grêle
Ćevapi,"Bosnie-Herzégovine, Serbie",viande hachée
Musakhan,Jordanie,viande de poulet
Migas,Espagne,pain
Chow mein,République populaire de Chine,"nouille, viande de poulet, oignon, céleri"
Parmigiana,Italie,"sel, huile, Parmigiano Reggiano, Fior di latte, poivrier, oignon, sauce tomate, aubergine, basilic"
Amatriciana,Italie,"vin blanc, sel, spaghetti, tomate, huile, piment, Guanciale, Pecorino, sauce tomate"
Canard Zhangcha,République populaire de Chine,viande de canard
tartine,Allemagne,"pain, beurre"
bœuf bourguignon,France,"vin rouge, viande bovine, bouillon"
pain au curry,Japon,"pâte, curry japonais"
frittata,Italie,œuf
pizza,Italie,"sel, mozzarella, farine, huile, sauce tomate"
gaufre,Belgique,Pâte
croque-monsieur,France,"pain de mie, jambon, emmental"
hamburger,Allemagne,"pain, fromage, laitue, oignon, viande hachée, tomate"
Kig ha farz,France,viande
crêpe,France,farine de blé
Choucroute d'Alsace,France,choucroute
Parfait,France,sirop
onigiri,Japon,"riz, nori"
omelette,France,œuf
Dampfnudel,Allemagne,farine
Livre de cuisine/Oie rôtie à la cantonaise,République populaire de Chine,Anserini
zhajiangmian,République populaire de Chine,Cumian
Bun cha,Viêt Nam,Vermicelle de riz
muesli,"Suisse, Allemagne","fruit séché, Flocon d'avoine, grains comestible"
Œufs Bénédicte,"États-Unis, France","pain, œuf, Sauce hollandaise"
Dal makhani,Inde,Haricot urd
Knödel,Autriche,pâte
curry,Inde,curry
Dhokla,Inde,"riz, pois chiche"
currywurst,Allemagne,saucisse
kebab,Syrie,viande
hot-dog,Allemagne,"Panino, sauce, saucisse de Vienne"
ratatouille,France,"courgette, Origanum majorana, poivron, oignon, aubergine, tomate, tête d'ail, basilic"
bouillie,"Afrique, Europe",céréale
taco,Amérique latine,Tortilla
pain perdu,Europe,"pain, lait, œuf"
gaspacho,Espagne,"eau, pain, ail, concombre, oignon, tomate, vinaigre, huile d'olive, Capsicum"
Gyūdon,Japon,riz
Moussaka,Palestine,"oignon, aubergine, viande hachée"
Socca,Italie,farine de pois chiche
Fasirt,Danemark,viande de porc
Salzburger Nockerln,Autriche,"lait, sucre, œuf, farine, œuf de poule"
Biryani,Inde,"riz, viande d'agneau, œuf de poule"
salade russe,Russie,"carotte, viande, pomme de terre, concombre, pois, œuf, mayonnaise, viande de poulet, œuf de poule"
Shishbarak,Ouzbékistan,raviole
Curry noodle,Malaisie,nouille
Phở,Viêt Nam,nouilles de riz
Ouillade,Espagne,légume
Partan bree,Écosse,Brachyura
Pisca Andina,Venezuela,bouillon
Piti,Azerbaïdjan,viande d'agneau
Pomegranate soup,Iran,grenade
Porra antequerana,Espagne,tomate
prawn soup,Canada,prawn
Prežganka,Slovénie,farine
Red Peas Soup,Jamaïque,"patate douce, viande bovine, raviole, oignon, igname, haricot rouge"
Revithia,Grèce,pois chiche
Samlar machu,Cambodge,Tamarinier
Sopa teologa,Pérou,pain blanc
Soup Number Five,Philippines,taureau
Southern Illinois chowder,États-Unis,viande bovine
Suaasat,Groenland,viande
Sungeoguk,Corée,Truite
Sup Kambing,Indonésie,viande d'agneau
Taco soup,États-Unis,bœuf haché
Talunan,Philippines,viande
Tekwan,Indonésie,fishcake
tomato and egg soup,République populaire de Chine,tomate
Zuppa alla modenese,Italie,"sel, beurre, noix de muscade, œuf, Parmigiano Reggiano, croûton, fond, feuilles d'épinard"
Harihari-nabe,Japon,Baleine de Minke
Imoni,Japon,"pomme de terre, Colocasia esculenta"
Kulajda,République tchèque,crème aigre
Kenoshiru,Japon,"carotte, Arctium lappa, Pteridium aquilinum, Aburaage, Amorphophallus konjac, Dashi, radis blanc, Q11673153"
kyselo,Bohême,levain panaire
Acquacotta,Italie,pain
cucumber soup,Pologne,"légume-racine, bouillon, Pickle, concombre"
potée,France,viande de porc
herring soup,Suède,eau
Fish soup bee hoon,Singapour,poisson
Molagoottal,Inde,légume
Rosół,Pologne,poulet
Samlor Kako,Cambodge,Kroeung
Charlotte,France,"pain, œuf, costarde, Sponge cake"
forêt noire,Allemagne,gâteau au chocolat
Döner Kebab,Turquie,"viande, légume, galette de pain"
Fish and chips,Angleterre,"poisson, frite"
beignet d'oignon,États-Unis,oignon
Raspeball,Norvège,pomme de terre
Ketwurst,République démocratique allemande,Panino
Kapsalon,Pays-Bas,"salade, viande, frite, gouda"
Amok,Cambodge,curry
Dongchimi,Corée,"gingembre, Korean radish"
Thai curry,Thaïlande,pâte de curry
tchebourek,Crimée,"viande d'agneau, Q4377441"
Q1546561,Russie,semoule
Hot-dog de Chicago,États-Unis,viande bovine
Hot-dog Michigan,États-Unis,hot dog bun
Cakalang fufu,Indonésie,fumage
Cağ kebab,Turquie,viande d'agneau
Ceylon,Sri Lanka,cocotier
chili-dog,États-Unis,hot dog bun
danger dog,Mexique,hot-dog
Italian hot dog,États-Unis,Panino
Patlıcanlı kebap,Turquie,"viande, aubergine"
Portuguese sauce,Macao,curry
White hot,États-Unis,viande de porc
Completo,Chili,"pain, saucisse de Vienne"
Soupe de crabes femelles,États-Unis,Crabe bleu
Malu Mirisata,Sri Lanka,poisson
Ashe doogh,Iran,yaourt
Grouta,Chypre,"eau potable, farine"
Tom khlong,Thaïlande,Tamarinier
Tsilihourda,"Grèce, Corfou","riz, aneth, laitue, Cerfeuil commun, Tordylium apulum, viande d'agneau, poivrier"
Aguadito de pollo,Pérou,"poulet, coriander seed, maïs, pea"
Q50627362,"Équateur, Azuay, Cañar","viande de porc, Courge de Siam, Mote"
Panellet,Espagne,massepain
tiramisu,Italie,"café, Boudoir, mascarpone, cacao en poudre, œuf de poule"
vla,Pays-Bas,"lait, œuf"
Baklava,Empire ottoman,"sucre, cannelle, amande, noix, pâte phyllo, sirop"
chocolate salami,Portugal,cacao en poudre
banana split,États-Unis,"banane, crème fouettée, cerise au marasquin, glace au chocolat, glace à la vanille, glace à la fraise"
Indian ice cream,Canada,Shepherdia canadensis
akutaq,États-Unis,poisson
slatko,Serbie,fruit
brownie,États-Unis,"farine, fève de cacao"
Adoquín del Pilar,Espagne,caramel
Soan papdi,Inde,farine de pois chiche
blanc-manger,Italie,lait
Douhua,République populaire de Chine,tofu
Pişmaniye,Turquie,farine
poire belle Hélène,France,"sirop de chocolat, sirop, glace à la vanille, poire"
Pet de nonne,France,beurre
œufs à la neige,France,meringue
Miguelitos,Espagne,crème pâtissière
Coconut custard,Cambodge,"citrouille, costarde, noix de coco"
Arnadí,Espagne,"sucre, potiron, amande, Q11941681"
Tulumba,Empire ottoman,farine
fruit fool,"Angleterre, Royaume-Uni","purée, fruit"
tarte aux pommes,États-Unis,"sucre, raisin sec, cannelle, beurre, farine, œuf, pomme à cuire"
coconut bar,République populaire de Chine,noix de coco
Clafoutis,France,"farine, œuf, fruit"
Fried Coke,États-Unis,Pâte
profiterole,"Italie, France","ganache, chouquette, glace à la vanille"
Mont-blanc,Italie,châtaigne
Pavlova,Nouvelle-Zélande,sucre
Syllabub,Angleterre,lait
Güllaç,Turquie,amidon de maïs
pêche Melba,France,"pêcher, crème glacée, Vanilla, glace à la vanille, pêche"
halo-halo,Philippines,"cocotier, Sagou, légume sec, gulaman, lait concentré non sucré, crushed ice"
Mämmi,Finlande,farine
blondie,États-Unis,"Vanille, farine"
Ostkaka,Suède,présure
Flaugnarde,France,œuf
palmier,France,pâte feuilletée
Picarones,Pérou,"patate douce, potiron, farine de blé, figue, panela"
Chè trôi nước,Viêt Nam,Haricot mungo
natillas,Espagne,"lait, sucre, œuf"
Knickerbocker glory,Royaume-Uni,crème glacée
Arctic roll,Royaume-Uni,Sponge cake
Q5706324,Pérou,"riz, viande de canard, coriander seed"
Islama köfte,Turquie,viande
toyga soup,Turquie,yaourt
Flaouna,Chypre,fromage
yayla çorbası,Turquie,"riz, yaourt"
Q6072201,Espagne,perdrix
Porotos con riendas,Chili,spaghetti
Seco,Pérou,"viande, viande bovine, viande d'agneau, viande de poulet"
crème Chantilly,France,"sucre glace, crème fouettée"
Ketoprak,Indonésie,tofu
Lountza,"Italie, Chypre","vin, sel, viande de porc, coriander seed"
Mattar paneer,Inde,Panir
oil noodles,République populaire de Chine,"nouille, farine de blé"
Pato no tucupi,Brésil,"tucupi, viande de canard"
pieds de porc au vinaigre et au gingembre,République populaire de Chine,"gingembre, Pied de cochon"
Ayam pansuh,Malaisie,poulet
Soup joumou,Haïti,citrouille
stir-fried tomato and scrambled eggs,République populaire de Chine,tomate
Callos a la madrileña,Espagne,tripes
cochinillo asado,Espagne,viande de porc
Osso buco,Italie,veau
Chanpurū,Japon,"légume, tofu, huile alimentaire"
donburi,Japon,riz
shabu-shabu,Japon,viande
Nikuman,Japon,pâte
Porchetta,Italie,veau
Tenshindon,Japon,"riz, œuf"
Pommes duchesse,France,purée de pommes de terre
Pomme de terre au four,Royaume-Uni,pomme de terre
Kochari,Égypte,oryza
Cha siu bao,République populaire de Chine,viande de porc
Omurice,Japon,"Riz frit, œuf de poule"
Capuns,Suisse,spätzle
aloo gobi,Inde,"pomme de terre, chou-fleur"
Yakitori,Japon,viande de poulet
Samoussa,Moyen-Orient,"carotte, viande, pois, farine de blé, pomme de terre"
Faggot,Royaume-Uni,Abat
dinde gigogne,États-Unis,"viande de canard, viande de poulet, viande de dinde"
Bacalhau à Brás,Portugal,"morue de l'Atlantique, œuf de poule, pomme de terre"
Txistorra,Espagne,viande hachée
Bruschetta,Italie,"ciabatta, condiment, tomate, tête d'ail"
mousse,France,œuf
Eton mess,Royaume-Uni,"fraisier cultivé, meringue, crème fouettée"
Fios de ovos,Portugal,œuf
Apple cake,Royaume-Uni,"pomme, sucre, cannelle, beurre, farine, noix de muscade, œuf, bicarbonate de sodium"
Rasgulla,Inde,"semoule, saccharose, Chhena"
Poire à la beaujolaise,"Espagne, France","vin rouge, poire"
Tufahije,Iran,noix
Tarte à la gomme,France,Flan
Diples,Grèce,pâte
suspiro de limeña,Pérou,Manjar
Gâteau des Rois,"Espagne, Portugal",pâte
Angel delight,Royaume-Uni,costarde
Bülbül yuvası,Turquie,pâte phyllo
tarak-juk,Corée,"riz, lait"
purée de pommes de terre,Angleterre,"lait, beurre, pomme de terre"
Cuccìa,Italie,blé
Ga'at,Éthiopie,barley
Stip,Pays-Bas,sarrasin
Buckwheat,Allemagne,sarrasin
Cocktion,Jamaïque,"sucre, maïs"
Creme de papaya,Brésil,Carica papaya
dessert bar,États-Unis,sucre
filhós,Portugal,farine
Ras malai,Bombay,"sucre, safran, Malai, Chhena, cardamome, Pistache"
Q5849978,Espagne,"sucre, amande"
Q5869227,Pérou,"lait, sucre, haricot commun, panela"
kabak tatlısı,Turquie,citrouille
hoşmerim,Turquie,semoule
Q6100269,Pérou,"pain, noyer commun, Pacanier, panela"
Torrija,Espagne,pain
Kaju katli,Inde,anacardier
Keşkül,Turquie,amandier
Hanımgöbeği,Turquie,pâte à choux
Spettekaka,Suède,œuf
Ayva tatlısı,Turquie,coing
Sütlü Nuriye,Turquie,pâte
Taro ball,Taïwan,taro
Kalburabastı,Turquie,farine
Q8962920,Espagne,"chocolat, fruit confit"
raclette,Suisse,raclette
sandwich,Angleterre,pain
Zrazy,Russie,viande bovine
Cepelinai,Lituanie,"pomme de terre, viande hachée"
Solomon Gundy,Jamaïque,poisson fumé
cracker,États-Unis,farine
Vitello tonnato,Italie,veau
Salteña,Bolivie,viande bovine
Tendon,Japon,"riz, tempura"
Jjigae,Corée,viande
Unagidon,Japon,"riz, Anguille"
Smyrna meatballs,Turquie,viande
pissaladière,"Italie, France",pain
Cachupa,Cap-Vert,poisson
Barbari,Iran,farine
bouillon d'awara,France,Astrocaryum vulgare
kisra,"Tchad, Soudan du Sud, Soudan",Sorghum
qawarma,Levant,"viande, lavash"
Arròs negre,Espagne,riz blanc
Himbasha,"Éthiopie, Érythrée",cardamome
Lumpia,"République populaire de Chine, Indonésie",crêpe
Flatbrød,Norvège,barley
Lancashire hotpot,Royaume-Uni,viande d'agneau
Aish Merahrah,Égypte,Fenugrec
Ajdov Kruh,Slovénie,sarrasin
Bazlama,Turquie,farine de blé
Bammy,Jamaïque,manioc
Nœud à l'ail,États-Unis,tête d'ail
Hallulla,Chili,farine de blé
jokpyeon,Corée,pied de bœuf
Khanom bueang,Thaïlande,riz
Ngome,Mali,millet
Pashti,Inde,farine de riz
Rinderbraten,Allemagne,Round steak
Sabaayad,Somalie,farine
Sanchuisanda,République populaire de Chine,farine de blé
Sangak,Iran,farine de blé
Singing hinny,"Angleterre, Royaume-Uni",farine
quiche lorraine,duché de Lorraine,"pâte brisée, lardon, migaine"
Q12785648,Slovénie,"eau, sel, levure, œuf, soft wheat farina, cumin"
tripa mishki,Équateur,"saindoux, tripes, tête d'ail"
Q21190320,Italie,"tripes, haricot sec"
cacık,Turquie,"eau potable, sel, yaourt, concombre, tête d'ail"
Q54888160,Italie,"eau, farine"
Sochen',Rus' de Kyiv,"eau, sel, farine, huile de chanvre"
Q10856318,Japon,"Miso, Amorphophallus konjac"
tarako spaghetti,Japon,"spaghetti, Tarako"
tanindon,Japon,riz
Miso-katsu,Japon,"viande de porc, Miso"
konohadon,Japon,riz
tamagodon,Japon,"riz, œuf"
Arroz al horno,Espagne,"eau, riz, sel, safran, huile d'olive, Boudin noir, Travers de porc, pomme de terre, tomate, tête d'ail, pois chiche"
Pirojki,Europe de l'Est,pâte
Q11907497,Espagne,"ail, morue de l'Atlantique, paprika, tomate"
fréginat,"Espagne, France",viande de porc
Kljukusa,Bosnie,pomme de terre
bouyiourdi,Grèce,"Capsicum annuum, huile d'olive, feta, tomate"
macaroni soup,Italie,macaroni
Tortilla,Mexique,maïs
Q16069258,Suriname,"riz, sucre, haricot commun, salt-cured meat, viande de poulet, poivrier, oignon, Capsicum chinense 'Madame Jeanette', tomate, céleri"
Duck rice,Singapour,"viande de canard, riz blanc"
Lardy cake,Royaume-Uni,Réutilisation des déchets agroalimentaires
soupe aux truffes noires VGE,France,"légume, pâte feuilletée, foie gras, Truffe noire"
canard à l'orange,"France, Béarn","carotte, vin blanc, Cointreau, sel, orange, persil, beurre, poivre, viande de canard, bouquet garni, citron, oignon"
Mami soup,Philippines,nouille
Lung fung soup,République populaire de Chine,produit de la mer
potted shrimps,Royaume-Uni,Crevette grise
Bubur ayam,Indonésie,"riz, viande de poulet"
Caviar d'aubergine,"Iran, Syrie",aubergine
Arroz junto,Porto Rico,"riz, viande, légume sec"
zeytinyağlı enginar,Turquie,"huile d'olive, artichaut"
Taro à la sauce jaune,Cameroun,"viande, épice, champignon, huile de palme, taro"
Chichoumeille,France,"tomate, aubergine"
Ziva,Israël,pâte feuilletée
Black peas,Royaume-Uni,pea
Q21190161,Italie,Grand brochet
Millopita,Chypre,"eau potable, sel, farine, saindoux, semoule"
paratha,Inde,farine atta
Boule de Berlin,Allemagne,"œuf, huile alimentaire, yeast dough"
Croustillon,Pays-Bas,farine
tortilla,Mexique,farine de blé
pain pita,Grèce,farine
Pain croquant suédois,Suède,rye
Kaiserschmarrn,Autriche,"lait, sucre, farine, œuf"
Koeksister,Afrique du Sud,pâte
Johnny cake,États-Unis,farine de maïs
Fritule,Croatie,Pâte
funnel cake,"États-Unis, Allemagne",Pâte
Frybread,Hongrie,farine
naan,"République populaire de Chine, Inde",farine de blé
You Tiao,République populaire de Chine,pâte
Chapati,Inde,farine
lavash,Arménie,pâte
Papadum,Inde,lentil
bhakri,Inde,farine
Piadina,Italie,farine
Injera,Éthiopie,Teff
Chakhchoukha,Algérie,semoule
Mekitsa,Bulgarie,yaourt
Podpłomyk,Pologne,farine
Bamiyeh,Iran,yaourt
Kulcha,"Inde, Pakistan",farine maida
Krotekake,Norvège,farine
Crumpet,Royaume-Uni,farine
mousse au chocolat,France,"chocolat, blanc d'œuf"
Flatkaka,Islande,farine de seigle
Parotta,"Inde, Tamil Nadu","farine maida, farine de blé"
Pane carasau,"Italie, Sardaigne",Blé dur
Øllebrød,Danemark,rugbrød
Guriev porridge,Russie,"fruit à coque, fruit séché, kajmak, gâteau de semoule"
Q4351446,Russie,orge perlé
Kacha,Russie,sarrasin
Daheen,Irak,farine
torpedo dessert,"Turquie, Bulgarie","beurre, pâte, levure de boulanger"
Sugoli,Italie,moût
Şöbiyet,Turquie,pâte phyllo
Pio Quinto,Nicaragua,œuf
uyutma,Turquie,figue
Q27998933,Arménie,"sucre, cannelle, noyer commun, pêche"
tarte aux pralines,France,praline
Narkel Naru,Inde,"sucre, noix de coco"
Chhena Mudki,Inde,"sucre, semoule, Chhena"
Q60499622,Pérou,"lait, cannelle, lait concentré"
revani,Empire ottoman,"sucre, yaourt, farine, œuf, semoule"
cassoulet,France,ragoût
pot-au-feu,France,viande bovine
carbonade flamande,Belgique,viande bovine
Sambar,Inde,Tamarinier
strudel aux pommes,"Italie, Autriche",pomme
Civet de lièvre,Allemagne,"lapin, hare"
Dolma,"Turquie, Azerbaïdjan","Ardei umpluţi, stuffed eggplant"
Đuveč,Turquie,viande bovine
Lecsó,Hongrie,paprika
Daube provençale,France,viande bovine
obara,Slovénie,viande
Kho,Viêt Nam,viande bovine
jambon serrano,Espagne,jambon
Fesenjān,Iran,jus de grenade
bibim guksu,Corée,sōmen
Bollito misto,Italie,viande bovine
Coto Makassar,Indonésie,viande bovine
Chili con carne,Mexique,piment
Tajine,Maroc,viande
Feijoada,Portugal,haricot noir
Fårikål,Norvège,viande d'agneau
Bosnian pot,Bosnie-Herzégovine,viande
Gaisburger Marsch,Allemagne,viande
"Birnen, Bohnen und Speck",Allemagne,Pyrus
Fabada asturiana,Espagne,"chorizo, Q5779639, Q6023586, Faba asturiana"
Pörkölt,Hongrie,viande
chaudrée,États-Unis,produit de la mer
Ndolé,Cameroun,fruit à coque
Istrian stew,Croatie,légume sec
gombo,États-Unis,"Roux, poivron, filé, oignon, Abelmoschus esculentus, céleri"
Blanquette de veau,France,veau
Wat,Éthiopie,viande
Ghormeh-sabzi,Iran,"persil, haricot commun, Fenugrec, fines herbes, coriander seed"
Tcholent,"Israël, Afrique du Nord","viande, pomme de terre, Fabaceae"
Lobio,Géorgie,légume sec
Ají de gallina,Pérou,viande
Shiro,Érythrée,pois chiche
Navarin,France,viande d'agneau
Axoa,France,veau
Andrajos,Espagne,lapin
Charquican,"Chili, Argentine, Pérou, Bolivie",Charqui
Potjiekos,Afrique du Sud,viande
mafé,Mali,viande
Rasol,Roumanie,viande
Hachee,Pays-Bas,viande
Gardiane,France,"vin rouge, Camargue"
Ghapama,Arménie,"riz, citrouille"
Ciambotta,Italie,légume
sandwich au jambon et fromage,Portugal,"fromage, pain de mie, jambon"
Pecora alla cottora,Italie,mutton
Callos,Espagne,tripes
Dimlama,Kirghizistan,"carotte, viande, pomme de terre, oignon, Brassica olearacea"
Fricot (plat acadien),Acadie (Nouvelle-France),viande
Porotos granados,Chili,flageolet
Paomo,République populaire de Chine,viande d'agneau
Scouse,"Norvège, Royaume-Uni",viande d'agneau
Southern chicken stew,États-Unis,viande de poulet
Q16610987,Italie,viande d'âne
brown stew chicken,"Barbade, Trinité-et-Tobago, Sainte-Lucie, Jamaïque, Grenade, Antigua-et-Barbuda, Dominique",viande de poulet
Pommes de terre à la lyonnaise,France,pomme de terre
ravioli,Italie,farine
tortellini,Italie,blé
frite,Belgique,"sel, huile végétale, pomme de terre"
Kroppkaka,Suède,pomme de terre
Mandu,Goryeo,pâte
Vol-au-vent,France,pâte feuilletée
Pickert,Allemagne,pomme de terre
Ajiaco,Colombie,pomme de terre
Buuz,Mongolie,farine de blé
Wonton,République populaire de Chine,pâte
Rösti,Suisse,pomme de terre
Jiaozi,République populaire de Chine,farine
Xiaolongbao,République populaire de Chine,"pâte, viande de porc"
Songpyeon,Corée,riz gluant
har gow,République populaire de Chine,"Pousse de bambou, shrimp"
Dango,Japon,farine de riz
Bryndzové halušky,Slovaquie,Halušky
Caponata,Italie,aubergine
Khuushuur,Mongolie,farine de blé
Baozi,République populaire de Chine,farine
Khach,Moyen-Orient,viande bovine
Kopytka,Pologne,pomme de terre
gratin dauphinois,France,"pomme de terre, crème fraîche"
thiéboudiène,Sénégal,"poisson, riz, sauce tomate"
Pelmeni,Russie,pâte
Shaomai,République populaire de Chine,viande hachée
Rat na,Thaïlande,Shahe fen
Crab rangoon,États-Unis,Wonton
pâté en croûte,France,pâte feuilletée
Q3738344,Italie,"conserve de tomates, white kidney bean"
Sebada,Italie,semoule
Chapalele,Chili,pomme de terre
Friand,France,Beurre noisette
phat si io,Thaïlande,Shahe fen
Mi krop,Thaïlande,nouilles de riz
Gujia,Inde,semoule
Strapačky,Slovaquie,Halušky
bouchée à la reine,France,"quenelle, pâte feuilletée, Ris de veau, champignon, viande de poulet, croustade, sauce blanche"
Lentilles au chorizo,Espagne,"chorizo, laurier, lentil"
boat noodles,Thaïlande,sauce soja
Bánh bột lọc,Viêt Nam,"tapioca, pork belly, shrimp"
Orez Shu'it,Israël,Rice and beans
Fondant potatoes,France,pomme de terre
Gnudi,Italie,Ricotta
goat water,Montserrat,viande de chèvre
cruschi peppers,Italie,Q3899361
Q61964538,Bolivie,Neowerdermannia vorwerkii
Q65564214,Pérou,"arachide, pomme de terre, Pied de cochon"
pâté aux pommes de terre,France,pomme de terre
fideuà,Espagne,"eau, chlorure de sodium, vermicelle, huile d'olive, produit de la mer, Sepia, Moule zébrée, crevette"
gnocchi,Italie,pomme de terre
sushi,Japon,Gohan
Sauerbraten,"Belgique, Allemagne",viande
Smørrebrød,Danemark,rugbrød
stoemp,Belgique,"pomme de terre, légume"
Poutine,Canada,"frite, Sauce au jus de viande, fromage en grains"
Canard laqué de Pékin,République populaire de Chine,"viande de canard, Canard de Pékin"
Quarkkäulchen,Allemagne,pâte
chorrillana,Chili,viande bovine
Bauernfrühstück,Allemagne,pomme de terre
Kartoffelkäse,Autriche,pomme de terre
Funeral potatoes,États-Unis,Hash browns
Œuf mimosa,Italie,œuf
Tarte carélienne,Finlande,"riz au lait, pain de seigle, pomme de terre"
Waterzooï,Belgique,poisson
Toast Hawaï,République fédérale d'Allemagne,pain grillé
patate douce rôtie,République populaire de Chine,patate douce
Nikujaga,"Japon, République populaire de Chine",viande
Baeckeoffe,France,viande d'agneau
Gamjajeon,Corée,pomme de terre
Ulmyeon,République populaire de Chine,nouille
maeuntang,Corée,poisson
Kottenbutter,Allemagne,Pain complet
jeotgal,Corée,produit de la mer
Crocchè,Italie,purée de pommes de terre
Colcannon,Irlande,purée de pommes de terre
bâtonnet de crâbe,Japon,Surimi
Korokke,Japon,pomme de terre
Moules-frites,Belgique,"frite, moules marinières"
Spaghetti alle vongole,Italie,spaghetti
calzone,Italie,Ricotta
ocopa,Pérou,"Tagetes minuta, fromage à pâte fraîche, lait concentré non sucré, Capsicum baccatum ‘Aji Amarillo’"
Curanto,Chili,pomme de terre
Cioppino,États-Unis,produit de la mer
Sol over Gudhjem,Danemark,rugbrød
Q3937030,Italie,"riz, pomme de terre"
Oreo,Chili,produit de la mer
Balchão,Inde,poisson
Banh canh,Viêt Nam,tapioca
cheese dream,États-Unis,pain
Kaeng som,Thaïlande,"pâte de curry, tamarin"
seafood pizza,Italie,produit de la mer
Q20024826,Pérou,"fromage, maïs, oignon, tomate, Habas, pomme de terre"
Mücendra pilavı,Chypre du Nord,"riz, oignon, lentil"
Janssons frestelse,Suède,pomme de terre
Rumbledethumps,Royaume-Uni,pomme de terre
Vindaloo,Inde,vinaigre
Stovies,Écosse,pomme de terre
Hutspot,Pays-Bas,"carotte, oignon, Tushonka, pomme de terre"
Hash browns,États-Unis,pomme de terre
Skordaliá,Grèce,ail
Pommes Anna,France,pomme de terre
Frico,Italie,fromage
Paprikás krumpli,Hongrie,"paprika, oignon, pomme de terre, Kolbász"
Cottage pie,"Irlande, Royaume-Uni","viande, pomme de terre, purée de pommes de terre"
Patates braves,Espagne,pomme de terre
mitraillette,Belgique,pain
Boxty,Irlande,pomme de terre
Aloo tikki,Inde,pomme de terre
Papa rellena,Pérou,pomme de terre
Bonda,Inde,farine de pois chiche
Hachis parmentier,France,pomme de terre
Aloo chaat,Inde,pomme de terre
Aloo gosht,Pakistan,viande d'agneau
Aloo paratha,Pendjab,pomme de terre
Aloo matar,Inde,pomme de terre
Aloo pie,Trinité-et-Tobago,pâtisserie
Milcao,Chili,pomme de terre
Batata vada,Inde,pomme de terre
Batata harra,Liban,pomme de terre
champ (mets),Irlande,purée de pommes de terre
Dum aloo,Inde,pomme de terre
Patatnik,Bulgarie,pomme de terre
Scone de pommes de terre,Écosse,pomme de terre
Truffade,France,pomme de terre
gamja-ongsimi,Corée,raviole
Llapingacho,Équateur,purée de pommes de terre
Pain maori,Nouvelle-Zélande,pomme de terre
Pommes dauphine,France,"purée de pommes de terre, pâte à choux"
Potato skins,États-Unis,pomme de terre
Poutine râpée,Canada,pomme de terre
Pâté chinois,Canada,bœuf haché
Péla,France,pomme de terre
croque-madame,France,"œuf, pain de mie, jambon, emmental"
Aşure,Turquie,grains comestible
Gado-gado,"Indonésie, betawi","légume, œuf, Saté"
stroopwafel,Pays-Bas,"pâte, sirop"
Bouillie de pois,"Angleterre, Royaume-Uni",pois cassés
Gruau de fruit,Danemark,fécule de pomme de terre
Pizza napoletana,Italie,"mozzarella, tomate"
pizza marinara,Italie,"huile d'olive, Origanum vulgare, tomate, tête d'ail"
Panna cotta,Italie,"sucre, crème, gélatine"
Welf pudding,Allemagne,lait
Spotted dick,Royaume-Uni,Suet
kamby arro,Paraguay,"riz, lait de vache"
Yorkshire pudding,Royaume-Uni,lait de vache
diplomat pudding,Hongrie,Boudoir
Pouding au blanc de poulet,Turquie,farine de riz
Götterspeise,Allemagne,gélatine
hasty pudding,États-Unis,céréale
Kugelis,Lituanie,pomme de terre
Put chai ko,Hong Kong,cuisson à la vapeur
Rømmegrøt,Norvège,crème aigre
Cơm rượu,Viêt Nam,riz gluant
Blodpalt,Finlande,sang
Tiết canh,Viêt Nam,sang
Rag pudding,"Angleterre, Royaume-Uni",viande hachée
Groaty Pudding,Royaume-Uni,gruau
Kalamai,"Guam, Îles Mariannes",masa
haupia,Hawaï,lait de coco
bebinca,Inde,farine
Mango pudding,Inde,agar-agar
Rožata,Croatie,œuf
Teurgoule,France,riz
Espasol,Philippines,farine de riz
Palitaw,Philippines,riz gluant
Bazeen,Libye,"eau, sel, barley"
Kulolo,États-Unis,taro
Ekmek kadayıfı,Turquie,pain
Bakewell pudding,Angleterre,"confiture, œuf, almond paste, flaky pastry"
banana pudding,États-Unis,œuf
Black sesame rice cake,République populaire de Chine,riz blanc
bread and butter pudding,Royaume-Uni,œuf
Brown Betty,États-Unis,Chapelure
Bánh chuối,Viêt Nam,banane
Chocolate Biscuit pudding,Sri Lanka,Marie biscuit
clootie dumpling,Écosse,farine
Dock pudding,Angleterre,Persicaria bistorta
Doodhpak,Inde,lait
Dutch baby pancake,États-Unis,œuf
Scrapple,États-Unis,mush
Eve's pudding,Royaume-Uni,Sponge cake
Figgy duff,Canada,farine
fruit hat,Royaume-Uni,Suet
red pudding,Royaume-Uni,lard
Steak and kidney pudding,Angleterre,Suet
Sticky toffee pudding,Royaume-Uni,Sponge cake
Suet pudding,Royaume-Uni,Suet
Sussex Pond Pudding,Royaume-Uni,Suet
Mouhallabié,Turquie,farine de riz
Zerde,Turquie,safran
Risalamande,Danemark,riz au lait
Figgy pudding,Royaume-Uni,Ficus
Serradura,Portugal,crème fouettée
Tembleque,États-Unis,lait de coco
Malvern pudding,Royaume-Uni,œuf
soufflé au fromage,France,fromage
Burger King Crispy Chicken Tenders,États-Unis,poulet
lasagnes,Italie,"Parmigiano Reggiano, sauce béchamel, sauce tomate, lasagne, ragù"
Macaroni au fromage,Royaume-Uni,"macaroni, beurre, cheddar, farine de blé, cheddar sauce"
Pasta alla Norma,Italie,"pâtes, ricotta salata, aubergine, tomate"
Japchae,Corée,dangmyeon
túrós csusza,Hongrie,pâtes
Pâtes à la carbonara,Italie,"sel, spaghetti, œuf, Guanciale, Pecorino, poivrier"
Jajangmyeon,Corée,nouille
Q1260450,Italie,"viande de canard, Bigoli"
Spaghetti alla puttanesca,Italie,"spaghetti, ail, tomate, persil, Origanum vulgare, piment, Anchois, câpre, olive noire"
Bakmi,Indonésie,farine de blé
Giouvetsi,Grèce,viande
Pastítsio,Grèce,viande hachée
Penne all'arrabbiata,Italie,"piment, tomate"
Fettuccine Alfredo,Italie,"Fettuccine, alfredo sauce"
Tater Tots,États-Unis,pomme de terre
Trinxat,Espagne,pomme de terre
Naporitan,Japon,spaghetti
Pesto alla trapanese,Italie,"sel, amande, Pecorino Siciliano, poivrier, huile d'olive extra vierge, tomate, tête d'ail, basil"
Ragda patties,Inde,Gesse aphaca
Pitepalt,Suède,pomme de terre
Stargazy pie,Angleterre,sardine
Q11715140,"République tchèque, Tchécoslovaquie","quark, pomme de terre"
Kumpir,Turquie,"Pomme de terre au four, pomme de terre"
Patates antinahtes,Chypre,"vin rouge, sel, Huile de maïs, jus de citron, pomme de terre, coriander seed"
kheer,Inde,riz
Tangyuan,République populaire de Chine,riz gluant
Risotto,Italie,riz
Paella,Espagne,"poulet, riz, lapin, sel, huile d'olive, Agua, Haricot de Lima, haricot vert, tomate, Azafrán"
Takikomigohan,"Japon, République populaire de Chine",Oryza sativa
Red beans and rice,États-Unis,haricot rouge
bibimbap,Corée,"riz, viande, œuf, Gochujang, Namul"
Arroz con pollo,Espagne,"riz, viande de poulet"
Ci fan tuan,République populaire de Chine,You Tiao
Zongzi,République populaire de Chine,riz gluant
Congee,Asie,riz
idli,Inde,Haricot urd
Daifuku,Japon,riz gluant
Sekihan,Asie de l'Est,"riz, Haricot azuki"
Ohagi,Japon,riz gluant
Ketupat,Indonésie,oryza
Lemang,Indonésie,riz gluant
Kebsa,Yémen,riz
Kuzhi paniyaram,Inde,riz
Sabzi polo,Iran,fines herbes
Warabimochi,Japon,Pteridium
Mjadra,"Israël, Levant","riz, onion frit, Lentilles"
Pongal,Inde,riz
Riz au poulet en cocotte d'argile,République populaire de Chine,"riz, viande de poulet"
Banana leaf rice,Inde,riz
Mansaf,Jordanie,viande d'agneau
Panta bhat,Bangladesh,riz
Kiribath,Sri Lanka,riz
Pabellón,Venezuela,riz
Agemochi,Japon,Mochi
Puttu,Sri Lanka,farine de riz
Xôi,Viêt Nam,riz gluant
Q3998256,Italie,"pesto, trenette, haricot vert, pomme de terre"
Pizza-ghetti,Canada,pizza
Akki rotti,Inde,farine de riz
American chop suey,États-Unis,"macaroni, bœuf haché, sauce tomate"
American goulash,États-Unis,viande bovine
Arroz a la cubana,Espagne,œuf
bún thịt nướng,Viêt Nam,Vermicelle de riz
Cacio e pepe,Italie,"pâtes, Pecorino romano, poivrier"
Cao lầu,Viêt Nam,nouille
Chicken riggies,État de New York,viande de poulet
Chili Cincinnati,États-Unis,bœuf haché
Gaifan,République populaire de Chine,riz
Johnny Marzetti,États-Unis,macaroni
Lagane e cicciari,Italie,pappardelle
Mì Quảng,Viêt Nam,nouilles de riz
Naryn,Ouzbékistan,nouille
pasta al pomodoro,Italie,"pâtes, sauce tomate, basilic"
Pasta primavera,Canada,pâtes
Penne alla vodka,"États-Unis, Italie","vodka, crème, tomate, Penne"
Spaghetti with meatballs,États-Unis,"spaghetti, boulette de viande"
Baked ziti,Italie,Bucatini
Ciceri e Tria,Italie,"pâtes, pois chiche"
Bigoli in salsa,Italie,"Anchois, Bigoli"
spaghetti alla Nerano,Italie,"courgette, spaghetti, Provolone del Monaco"
soupe d'ailerons de requin,dynastie Ming,shark fin
soupe de griottes,Hongrie,Prunus cerasus
salade niçoise,France,"tomate, Engraulis encrasicolus, œuf à la coque"
Salade grecque,Grèce,"sel, huile d'olive, olive, concombre, oignon, tomate"
salade César,Italie,"poivre, huile d'olive, œuf, Parmigiano Reggiano, sauce Worcestershire, croûton, jus de citron, laitue romaine"
Wurstsalat,Allemagne,saucisse
salade caprese,Italie,"mozzarella, huile d'olive, tomate, basilic"
Salade Chopska,Bulgarie,tomate
Pizza hawaïenne,Canada,"fromage, sauce tomate, ananas"
taboulé,Liban,"tomate, persil"
cheeseburger,États-Unis,"fromage, steak haché, bun"
Tangpyeongchae,Corée,nokdu-muk
egg waffle,"République populaire de Chine, Hong Kong",œuf
chef salad,États-Unis,"fromage, concombre, tomate, œuf à la coque"
coleslaw,États-Unis,chou blanc
Kısır,Turquie,boulghour
Donut burger,États-Unis,donut
Salade Cobb,États-Unis,"poulet, fromage, lard, œuf, Lactuca, vinaigrette, avocat, tomate"
Loco Moco,États-Unis,Riz pilaf
Fatouche,Cuisine levantine,pain pita
gaufre de Bruxelles,Belgique,farine
Pljeskavica,Serbie,"sel, oignon, poivre, viande de porc, viande bovine"
Gaufre de pommes de terre,Royaume-Uni,pomme de terre
Salmagundi,"Angleterre, Royaume-Uni",viande
Matbucha,Turquie,"Capsicum annuum, ail, tomate, piment"
panzanella,Italie,"pain, tomate"
Hareng en fourrure,Russie,"carotte, pomme de terre, œuf, oignon, betterave, mayonnaise, Clupea"
Escalivada,Espagne,"oignon, poivron, aubergine"
Pasembur,Inde,concombre
Israeli salad,Palestine,tomate
Piyaz,Turquie,"oignon, Phaseolus, œuf à la coque"
salade du aubergine,Turquie,aubergine
Lap,Laos,viande
Mesclun,France,Cerfeuil commun
mini-burger,États-Unis,bun
Pizza di scarola,Italie,fromage
Salade cauchoise,France,pomme de terre
Salade méchouia,Tunisie,tomate
Salade serbe,Serbie,tomate
Esgarrat,Espagne,poivron
mimosa salad,Russie,canned fish
Morkovcha,"Russie, Asie centrale",Daucus
Jucy Lucy,États-Unis,hamburger
escalope à la milanaise,Italie,viande
croissant,France,"pâte feuilletée, beurre"
Anpan,Japon,Anko
pain aux raisins,France,"eau, lait, sucre, raisin sec, beurre, farine, œuf, amande, noisette, levure de boulanger, crème pâtissière"
Rosbif,Angleterre,viande bovine
brioche,France,farine
tonkatsu,Japon,porc
pain au chocolat,France,beurre
Q1741570,Autriche,"sucre, cannelle, beurre, farine, œuf, amande"
chouquette,France,pâte à choux
Tapas,Espagne,Various
Tortilla de patatas,Espagne,"sel, oignon, huile végétale, œuf de poule, pomme de terre"
Zakouski,Russie,assiette anglaise
Chicken lollipop,Inde,viande de poulet
pâté lorrain,duché de Lorraine,"pâte feuilletée, viande de porc"
Veau Оrlov,Russie,veau
Yosenabe,Japon,bouillon
S.O.S.,Suède,Hareng frais
Baccalà mantecato,Italie,"huile d'olive, stockfish"
azumadon,Japon,"riz, thon"
Kavarma,Bulgarie,"viande, œuf, oignon"
Q22666192,Lettonie,"sucre, sel, farine, levure, œuf, quark"
Bajjaria,Syrie,"Ghî, viande d'agneau"
ciorbă de burtă,Roumanie,tripes
Miyan kuka,Nigeria,Adansonia
Q28726278,Roumanie,poisson
Q29452616,Italie,polenta
Q30005067,Espagne,"Cynara cardunculus, pomme de terre"
Q30005092,Espagne,"riz, lard, chorizo, haricot commun, Boudin noir, linguiça"
Q30890348,Arménie,"riz, fruit séché, viande de poulet, viande de dinde"
Kolkata biryani,Inde,"riz, œuf, viande de chèvre, viande de poulet, pomme de terre"
Malooga,Yémen,farine
paczki,Pologne,œuf
Pestiño,Espagne,pâte
Hyderabadi biryani,Inde,Oryza sativa
nonnevot,Pays-Bas,farine
Balep korkun,Tibet,Tsampa
Smultring,Norvège,pâte
Beignet de pommes de terre,États-Unis,pomme de terre
Maple bacon donut,États-Unis,pâte
Boston cream doughnut,États-Unis,œuf
cider doughnut,États-Unis,Pâte
Coconut doughnut,Canada,noix de coco
mahua,République populaire de Chine,pâte
Shuangbaotai,Taïwan,pâte
buñuelos,Italie,œuf
An-doughnut,Japon,Anko
kabkabou,Tunisie,"ail, oignon, safran, huile d'olive, harissa, double concentré de tomates, olive"
potato biryani,Inde,"riz, pomme de terre"
Kalyani biryani,Inde,"riz, viande bovine"
Smažený sýr,République tchèque,fromage
mozzarella sticks,États-Unis,mozzarella
Eggs Sardou,Louisiane,œuf
pastel de nata,Portugal,"sucre, farine, œuf, lait de vache"
Gibanica,"Italie, Serbie",œuf
Menemen,Turquie,œuf
Banitsa,Bulgarie,œuf
Chakchouka,Tunisie,"œuf, tomate"
Œufs cocotte,"France, régime méditerranéen",œuf
Huevos rancheros,Mexique,œuf
Crespeou,France,œuf
çılbır,Turquie,œuf
Rafanata,Italie,œuf
Nasi goreng pattaya,Malaisie,œuf
Chinese steamed eggs,République populaire de Chine,œuf
Fritaja,Croatie,œuf
Funšterc,Slovénie,farine
gyeran-jjim,Corée,œuf
Huevos divorciados,Mexique,œuf
Huevos motuleños,Mexique,tortilla
Kerak telor,Indonésie,riz gluant
Papo-de-anjo,Portugal,jaune d'oeuf
Nasi tumpang,Malaisie,riz
Scotch woodcock,Royaume-Uni,œuf
St. Paul sandwich,États-Unis,pain blanc
gyeran-ppang,Corée du Sud,œuf
Chigirtma,Turquie,œuf
Thong ek,Thaïlande,œuf
Sarma (plat),Empire ottoman,Vitis
thong yip,Thaïlande,œuf
Porc au caramel,Viêt Nam,œuf
Telur pindang,Indonésie,œuf
Hainanese curry rice,Singapour,curry
Albaloo polo,Iran,riz
Q28682544,Japon,riz gluant
Francesinha,Portugal,pain
Kaiser roll,Autriche,farine
Bosna,Autriche,"pain, Allium, moutarde, Bratwurst, pain blanc"
bánh mì,Viêt Nam,baguette
Barros Jarpa,Chili,pain
Fischbrötchen,Allemagne,"Panino, poisson"
Sandwich BLT,États-Unis,"lard, laitue, tomate"
Pork chop bun,République populaire de Chine,Piggy bun
Cucumber sandwich,Royaume-Uni,pain blanc
Bratwurst,"Autriche, Allemagne, Rome antique","viande de porc, viande bovine, veau"
Porilainen,Finlande,pain blanc
sandwich au thon,États-Unis,"pain, Thon mayonnaise"
cheesesteak de Philadelphie,États-Unis,"fromage à pâte fondue, bifteck, hoagie roll"
club sandwich,États-Unis,"pain grillé, lard, viande de dinde, tomate"
panini,Italie,pain
Gatsby,Afrique du Sud,Panino
Fluffernutter,États-Unis,Beurre d'arachide
veggie burger,Royaume-Uni,"soja, lentille cultivée, tofu, condiment"
Chivito,Uruguay,bun
Sloppy joe,États-Unis,bœuf haché
Muisjes,Pays-Bas,graine d'anis
Al pastor,Mexique,viande de porc
Meatball sandwich,États-Unis,"pain, boulette de viande"
Choripán,Argentine,chorizo
Bocadillo,Espagne,cuisine espagnole
Sandwiches de miga,Argentine,pain blanc
Bagel toast,Israël,bagel
"Sandwich au beurre de cacahuète, banane et bacon",États-Unis,"banane, lard, Beurre d'arachide"
Pan bagnat,France,"tomate, pain blanc"
Guédille,États-Unis,"hot dog bun, homard"
Sandwich Reuben,États-Unis,"choucroute, Corned-beef, pain de seigle, fromage suisse, Russian dressing"
Croissan'Wich,États-Unis,"fromage, lard, œuf, croissant"
Kumru,Turquie,"pain, œuf au plat, Soudjouk, kaşar, tomate"
bacon sandwich,Royaume-Uni,"pain, lard"
Baked bean sandwich,États-Unis,pain
Breakfast sandwich,États-Unis,pain
po' boy,États-Unis,Multiple
Cheese and pickle sandwich,Royaume-Uni,pain
chocolate sandwich,Mexique,"chocolat, pain"
Chow mein sandwich,États-Unis,hamburger
Dabeli,Inde,pomme de terre
Iced bun,Royaume-Uni,sucre glace
Kolot,Turquie,"chlorure de sodium, farine, huile alimentaire"
Parker House roll,États-Unis,farine
Rượu nếp,Viêt Nam,riz gluant
dak-kkochi,Corée du Sud,viande de poulet
Houska,République tchèque,farine de blé
goulasch,royaume de Hongrie,viande
rāmen,Japon,preparation of noodles
Soupe à l'oignon,France,oignon
Zōni,Japon,Mochi
Flädle,Allemagne,bouillon
Chicken and dumplings,États-Unis,viande de poulet
Ragout fin,France,veau
Q329052,Allemagne,Sambucus nigra
Rumford's Soup,Bavière,orge perlé
Ajoblanco,Espagne,pain
soupe miso,Japon,"eau, Miso"
Pozole,Mexique,Hominy
Magiritsa,Grèce,"riz, sel, perceuse, viande d'agneau, citron, oignon, œuf de poule"
Solianka,Russie,"viande, bouillon, citron, Pickle, olive"
minestrone,"Italie, Rome antique",légume
Cocido lebaniego,Espagne,pois chiche
Bosintang,Corée,viande de chien
Tteokguk,Corée,Tteok
Soupe de tortue,République populaire de Chine,viande
Żurek,Pologne,farine
budae-jjigae,Corée,"saucisse, kimchi, jambon, SPAM, Gochujang"
Yong Tau Foo,République populaire de Chine,tofu
Miyeok guk,Corée,Wakame
Seolleongtang,Corée,viande bovine
Sinseollo,Corée,boulette de viande
Svartsoppa,Suède,sang
Caldo verde,"Portugal, République populaire de Chine",pomme de terre
Manduguk,Corée,raviole
bisque,France,crustacé
Kiritanpo,Japon,riz
black soup,Grèce,porc
rose hip soup,Suède,Cynorrhodon
Sundubu jjigae,Corée,sun-dubu
Steckrübeneintopf,Allemagne,Rutabaga
Sweet potato soup,République populaire de Chine,patate douce
Galbitang,Corée,short ribs
Tom yam,Laos,fond
Yukgaejang,Corée,viande bovine
Rassolnik,Russie,Pickle
Jeongol,Corée,viande bovine
Ciorbă de perișoare,Roumanie,boulette de viande
Cocido madrilene,Espagne,pois chiche
bún bò Huế,Viêt Nam,Vermicelle de riz
Bouddha saute par-dessus le mur,République populaire de Chine,shark fin
Tonjiru,Japon,viande de porc
Pasta e fagioli,Italie,"pâtes, haricot sec"
Tourin,France,ail
Vichyssoise,France,poireau
Chankonabe,Japon,Dashi
Harira,Algérie,"tomate, farine, gousse"
Krupnik,Pologne,bouillon
Piperade,Pays basque,oignon
Ribollita,Italie,pain
Pisto,Espagne,tomate
lentil soup,"Turquie, Palestine","eau, épice, lentil"
Avgolemono,"Italie, Grèce",œuf
peanut soup,Ghana,cacahuète
Olla podrida,Espagne,pork and beans
egg bhurji,Inde,œuf
Indian omelette,Inde,œuf
Urnebes,Serbie,fromage
Lyutika,Bulgarie,Capsicum
Maple slaw,Canada,sirop d'érable
Nam khao,Laos,riz
poke,États-Unis,"riz, sashimi, Thon jaune"
Red slaw,États-Unis,chou blanc
seven-layer salad,États-Unis,laitue
Snow White salad,Bulgarie,"yaourt, perceuse, concombre, tête d'ail"
Thai salads,Thaïlande,Various
cheesecake,États-Unis,"sucre, farine, œuf, fromage à pâte fraîche"
crème brûlée,France,œuf
crème caramel,France,œuf
Pizza Margherita,Italie,"chlorure de sodium, mozzarella, Pomodoro S.Marzano dell'Agro Sarnese-Nocerino, huile d'olive extra vierge, basilic"
Bavarois,France,"lait, œuf"
rempeyek,Indonésie,farine de riz
Frangipane,France,"sucre, beurre, œuf, amande, Cookbook:Flour"
Crème catalane,Espagne,"lait, sucre"
shrimp toast,République populaire de Chine,pain
hongeohoe,Corée,Okamejei kenojei
Tarallo,Italie,farine de blé
Som tam,"Laos, Thaïlande","citronnier, tomate, Carica papaya, Allium, Phaseolus"
Aligot,France,purée de pommes de terre
Watergate salad,États-Unis,pistachio pudding
Salade d'ambroisie,États-Unis,"guimauve, noix de coco, ananas"
Crème chiboust,France,"crème pâtissière, meringue italienne"
Quindim,Brésil,œuf
Rouleau de nouille de riz,Chine,nouilles de riz
Oatcake,Royaume-Uni,oatmeal
Dyrlægens natmad,Danemark,"pâté de foie, rugbrød, Q12334407, Q18552259"
Crème diplomate,Italie,"crème pâtissière, crème Chantilly"
Q3893318,Italie,"riz, haricot marbré"
risotto alla pilota,Italie,Oryza sativa
eo-mandu,Corée,whitefish
candle salad,États-Unis,laitue
Risotto à la milanaise,Italie,"riz, Crocus sativus"
stuffed squash,Turquie,courgette
Q55832714,Italie,Q3953085
kkori-gomtang,Corée,rabo de toro
Chick-fil-A Waffle Potato Fries,États-Unis,pomme de terre
Consommé,France,fond
Tarhana,Turquie,céréale
Sayur asem,Indonésie,légume
Rasam,Inde,lentil
Khartcho,Géorgie,"riz, viande bovine, noix, Tklapi"
Zosui,Japon,riz
Hōtō,Japon,soupe miso
Changua,Colombie,"eau, œuf, lait de vache, Papa, coriander seed, Calado"
bouillon écossais,Écosse,"viande d'agneau, barley"
Bouneschlupp,Luxembourg,haricot vert
Garbure,France,jambon
Cozido à portuguesa,Portugal,viande
egg drop soup,République populaire de Chine,œuf
Haleem,Turquie,blé
Shambar,Pérou,blé
Escudella i carn d'olla,Espagne,"carotte, Brassica olearacea, Fasirt, Apium"
Gulyásleves,Hongrie,"viande bovine, paprika, oignon"
Ginataan,Philippines,lait de coco
sinigang,Philippines,"viande, poisson"
Tinola,Philippines,viande de poulet
Diyabath,Sri Lanka,riz
Bagnun,Italie,Anchois
Buridda,Italie,bouillon
Alicot,France,volaille
Motsunabe,Japon,Miso
wedding soup,"États-Unis, Italie",Q11176730
Panade,Angleterre,pain
Pappa al pomodoro,Italie,tomate
Sayur lodeh,Indonésie,lait de coco
Chikhirtma,Géorgie,viande
15 bean soup,États-Unis,légume sec
Amish preaching soup,États-Unis,légume sec
Aush,"Turquie, Azerbaïdjan, Arménie, Iran, Afghanistan","nouille, bouillon"
baeksuk,Corée,viande
Batchoy,Philippines,nouille
lobster stew,Espagne,homard
Binignit,Philippines,lait de coco
Khao poon,Laos,Vermicelle de riz
Bún riêu,Viêt Nam,tomate
Bún mắm,Viêt Nam,crevette
Caldo de pollo,Mexique,viande de poulet
Bouillon de côtes,Colombie,viande bovine
Caldo de siete mares,Mexique,viande de poulet
Ching bo leung,République populaire de Chine,Coix lacryma-jobi
Chè bà ba,Viêt Nam,lait de coco
Cow cod soup,Jamaïque,taureau
Cream Stew,Japon,viande
Draw soup,Nigeria,gombo
Noppe,Japon,légume
Oritang,Corée,"viande de canard, canard"
Yeonpotang,Corée,bouillon
Gazpachuelo,Espagne,Fumet de poisson
Hyderabadi Marag,Inde,viande d'agneau
Isi ewu,Nigeria,chèvre
soyo,Paraguay,viande
Kadhi,Inde,yaourt
Khichra,Inde,viande
leek soup,pays de Galles,pomme de terre
Liver soup,République populaire de Chine,viande de porc
Manchow soup,Inde,légume
Mannish water,Jamaïque,chèvre
nettle soup,Turquie,Urtica dioica
Nihari,Bangladesh,beef shank
Ogbono soup,Nigeria,Irvingia gabonensis
Ohaw,Japon,fond
Caldo tlalpeño,Mexique,viande de poulet
yaourt glacé,États-Unis,lait
gâteau des Rois,Espagne,brioche
Massaman curry,Thaïlande,viande
Nasi goreng,Indonésie,"riz, oryza"
Curry vert,Thaïlande,"lait de coco, green curry paste"
Kimchi-jjigae,Corée,kimchi
doenjang-jjigae,Corée,Doenjang
Haejangguk,Corée,pe-tsaï
saeujeot,Corée,crevette
myeolchi-jeot,Corée,Engraulis japonicus
panettone,Italie,"raisin sec, farine, fruit confit"
Sundae,États-Unis,crème glacée
Bûche de Noël,France,beurre
Burgoo,États-Unis,viande
jeonbok-juk,Corée,Abalone
gomguk,Corée,viande bovine
gamja-tang,Corée,viande de porc
Pandoro,Italie,"sucre, beurre, farine"
Samgyetang,Corée,"Panax ginseng, viande de poulet"
Gelato,Italie,"lait, sucre, crème"
curry panang,Thaïlande,"lait de coco, cacahuète, pâte de curry"
Semifreddo,Italie,"lait, sucre, crème, œuf"
curry rouge,Thaïlande,"lait de coco, red curry paste"
Cappon magro,Italie,produit de la mer
Biscuit Graham,États-Unis,Graham flour
jaecheop-guk,Corée,palourde
jangguk-juk,Corée,viande bovine
jogi-jeot,Corée,Larimichthys polyactis
Kotlet schabowy,Pologne,viande de porc
Nantong Xiting Cracker,Chine,"sucre, farine, Sesamum"
phat phrik khing,Thaïlande,piment
Ry-Krisp,États-Unis,farine de seigle
saltine cracker,États-Unis,farine
jumeok-bap,Corée,bap
bokkeum-bap,Corée,bap
riz cantonais,République populaire de Chine,Gohan
guljeot,Corée,huître
Q43180014,République populaire de Chine,farine
torte,Espagne,crème au beurre
nougat,Italie,sucre
Halászlé,Hongrie,poisson
Chokladboll,Suède,"sucre, beurre, cacao en poudre, Flocon d'avoine, grated coconut"
Cullen skink,Écosse,Finnan haddie
Shiruko,Japon,Haricot azuki
Tteok,Corée,riz gluant
Nougatine,"Italie, République populaire de Chine",cacahuète
Kefta,"Turquie, Iran",viande hachée
Hochzeitssuppe,Allemagne,bouillon
Czernina,Pologne,"sang, viande de canard"
Soto ayam,Indonésie,viande de poulet
chaudrée de palourde,États-Unis,palourde
Oukha,Russie,poisson
Yakgwa,Corée,farine de blé
Lohikeitto,Finlande,"poisson, lait, farine, saumon"
Köttbullar,Turquie,viande
Fasoláda,Grèce,haricot commun
Butterscotch,Angleterre,sucre brun
Kuy teav,Cambodge,nouilles de riz
Cotriade,France,poisson
Fanesca,Équateur,Courge de Siam
Ttoro,Labourd,"Merlucciidae, palourde, oignon, Q12265357, tête d'ail"
Saimin,États-Unis,œuf
Bermuda fish chowder,Bermudes,poisson
Caldillo de congrio,Chili,poisson
Coney Island hot dog,États-Unis,oignon
duck blood and vermicelli soup,République populaire de Chine,viande de canard
escalope à la viennoise,Autriche,"viande, Chapelure"
peanut butter cup,États-Unis,"chocolat, Beurre d'arachide"
Senate bean soup,États-Unis,Navy bean
Sliced fish soup,Singapour,poisson
Styrian sour soup,Slovénie,viande de porc
Soto Padang,Indonésie,Perkedel
vine leaf roll,Turquie,tête d'ail
Ramadan pide,Turquie,farine de blé
Ramyeon,Corée du Sud,preparation of noodles
Mahim halwa,Inde,halva
Snickers salad,États-Unis,Snickers
Bacon Deluxe,États-Unis,lard
bun kebab,Pakistan,lentil
Celery Victor,États-Unis,céleri
Chilean salad,Chili,"oignon, tomate, persil, coriandre"
chili burger,États-Unis,Chili con carne
Chimichurri burger,République dominicaine,"Salsa golf, ground pork"
Chinese chicken salad,États-Unis,viande de poulet
Curtido,Salvador,chou blanc
rice burger,Japon,riz
golbaengi-muchim,Corée,bigorneau
glorified rice,États-Unis,riz
Sōmen salad,Japon,nouille
Salad cream,Royaume-Uni,huile
Jello salad,États-Unis,gélatine
Kinilnat,Philippines,légume
Kosambari,Inde,cereal legume
Monte Cristo sandwich,États-Unis,"pain, Pâte, œuf, jambon, emmental"
patty melt,États-Unis,pain de seigle
Pizza strips,États-Unis,"Origanum vulgare, sauce tomate"
St. Louis-style pizza,États-Unis,Provel cheese
pizza capricciosa,Italie,"mozzarella, jambon, olive"
BK Stacker,États-Unis,viande
Pizzetta,Italie,"pain, fromage, sauce tomate"
Devil's food cake,États-Unis,farine
tarte Sacher,Autriche,chocolat
German chocolate cake,États-Unis,noix de coco
chirashi,Japon,riz
Funa sushi,Japon,Carassius carassius
doubles,Trinité-et-Tobago,farine
Francesinha poveira,Portugal,pain
fried-brain sandwich,États-Unis,pain de mie
Guajolota,Mexique,Bolillo
Rou jia mo (肉夹馍),République populaire de Chine,viande de porc
maki sushi,Japon,"riz, algue"
Horseshoe sandwich,États-Unis,pain
Hot Brown,États-Unis,pain
jam sandwich,Royaume-Uni,"confiture, pain"
jibarito,Porto Rico,banane plantain
melt sandwich,États-Unis,pain
Mortadella sandwich,Italie,"pain, mortadelle"
pebete,Argentine,bun
pistolette,États-Unis,Panino
prawn roll,Australie,pain blanc
steak sandwich,États-Unis,steak
Toast sandwich,Royaume-Uni,"pain grillé, pain"
vegetable sandwich,Inde,pain
Sincronizada,Mexique,jambon
wrap roti,Trinité-et-Tobago,pomme de terre
Sandwich polonais de Chicago,États-Unis,bun
New Jersey sloppy joe,États-Unis,pain de seigle
Sailor sandwich,États-Unis,Pastrami
Çoban salatası,Turquie,tomate
Goma-ae,Japon,épinard
Kelan Antep,Indonésie,viande
Vinaigrette,Russie,"carotte, oignon, choucroute, betterave, huile végétale, pomme de terre"
Buljol,Trinité-et-Tobago,morue de l'Atlantique
şakşuka,Turquie,"tomate, tête d'ail"
Cheese slaw,Australie,fromage râpé
Sabich salad,Israël,aubergine
Israeli eggplant salad,Israël,aubergine
Q27149881,Russie,"pomme de terre, sel, concombre, oignon, huile d'olive, Clupea, poisson"
arrosticini,Italie,viande d'agneau
Abgoosht,Arménie,viande d'agneau
Kokoreç,Turquie,Abat
catfish stew,États-Unis,Siluriformes
Fish head casserole,République populaire de Chine,Fish head
Ikan bakar,Indonésie,poisson
Kemplang,Indonésie,Thazard noir
Sata,Malaisie,cocotier
Amplang,Indonésie,Thazard noir
Run down,Jamaïque,poisson
Ikan goreng,Indonésie,poisson
Gulha,Maldives,farine
Huachinango a la Veracruzana,Mexique,Red Snapper
Baccalà alla lucana,Italie,"morue, cruschi peppers"
quenelle,France,farine
katsuobushi,"Japon, République populaire de Chine",Thon listao
akashiyaki,Japon,Pâte
Kamaboko,Japon,Surimi
fish sauce,"République populaire de Chine, Inde",poisson
canh chua,Viêt Nam,poisson
Kalakukko,Finlande,farine
agwijjim,Corée,Lophiomus setigerus
Narutomaki,Japon,Surimi
lutefisk,Norvège,"Hydroxyde de sodium, morue de l'Atlantique"
Cacciucco,Italie,bouillon
Lox,États-Unis,"saumon, Cured salmon"
Kabayaki,Japon,Anguille
Sannakji,Corée,Octopus minor
Unagi,Japon,"Anguille du Japon, Anguille"
Rendang,Indonésie,viande
Kedgeree,"Royaume-Uni, Inde",riz
Hollandse nieuwe,Pays-Bas,hareng
koulibiak,Russie,saumon
Moqueca de Peixe,Brésil,produit de la mer
Caldeirada,Portugal,poisson
Amok trey,Cambodge,poisson
Bortsch froid,Russie,"betterave, concombre, œuf de poule"
velouté de champignons,États-Unis,"champignon, Roux"
Okrochka,Russie,"Kvas, concombre"
Rogan Josh,Iran,viande d'agneau
Jingisukan,Japon,viande d'agneau
tave kosi,Albanie,viande d'agneau
Murtabak,Yémen,viande d'agneau
Kebbé nayé,Syrie,viande d'agneau
korma,Inde,yaourt
Smalahove,Norvège,viande d'agneau
tchi keufté,"Turquie, Arménie, Syrie",viande d'agneau
Sfiha,Syrie,viande d'agneau
Dhansak,Inde,viande d'agneau
Drob,Roumanie,viande d'agneau
Scotch pie,Écosse,viande d'agneau
Sosatie,Afrique du Sud,viande d'agneau
Saucisses de Pleșcoi,Roumanie,viande d'agneau
Dopiaza,Inde,viande
Keema,Inde,"viande d'agneau, viande hachée"
bagara baingan,Inde,aubergine
Alinazik kebab,Turquie,viande d'agneau
Mirchi ka salan,Inde,Capsicum
Ajethna,Inde,légume
Alu Potala Rasa,Inde,pomme de terre
Cawl,pays de Galles,viande d'agneau
Curry goat,Inde,viande de chèvre
Dalcha,Inde,viande d'agneau
Devilled kidneys,Royaume-Uni,viande d'agneau
Fahsa,Yémen,"Fenugrec, viande d'agneau"
Palak paneer,Pendjab,"épinard, Panir"
Injipuli,Inde,gingembre
kol böreği,Turquie,viande d'agneau
Kairi ka do pyaza,Inde,viande d'agneau
Kombdi vade,Inde,poulet au curry
Laal maans,Inde,viande d'agneau
Machha Jhola,Bengale,poisson
Madras curry sauce,Inde,Chili (mélange d'épices)
Malabar matthi curry,Inde,sardine
Naan qalia,Inde,viande d'agneau
Pasanda,Empire moghol,viande d'agneau
pigeon pie,France,Columbidae
Pinchitos,Espagne,viande d'agneau
Quzi,Irak,viande d'agneau
Santula,Inde,pomme de terre
Sarburma,Turquie,viande d'agneau
Skilpadjies,Afrique du Sud,viande d'agneau
Squab pie,Royaume-Uni,viande d'agneau
Bortsch,"République populaire de Chine, Rus' de Kyiv","carotte, pomme de terre, oignon, chou blanc, Brassica olearacea, betterave, Beta, Daucus carota subsp. sativus"
Dondurma,Turquie,"lait, sucre, mastic, Salep"
tranche napolitaine,Italie,"glace au chocolat, glace à la vanille, glace à la fraise"
Steak tartare,"France, Royaume des Francs","œuf, viande bovine, viande de cheval"
Chili de crabe,Singapour,Brachyura
glace à l'eau,États-Unis,eau
Lahmacun,"Turquie, Arménie, Liban, Syrie","légume, pâte, fines herbes, viande hachée"
Spaghettieis,Allemagne,coulis de fraise
Tom kha,Thaïlande,"citronnelle, Agaricus bisporus, Alpinia galanga, lait de coco, viande de poulet"
Anges à cheval,Angleterre,"lard, huître"
Baik kut kyee kaik,Birmanie,Shahe fen
calf's liver and bacon,Écosse,"lard, foie"
Clams casino,États-Unis,palourde
ojingeo-chae-bokkeum,Corée,dried shredded squid
gul-gukbap,Corée,huître
Miruhulee boava,Maldives,Octopoda
Nakji bokkeum,Corée,Octopus minor
New England clam bake,États-Unis,fruits de mer
Oysters Rockefeller,États-Unis,huître
Oysters en brochette,États-Unis,huître
rolled oyster,États-Unis,"huître, farine de maïs"
Shrimp Creole,États-Unis,crevette
Cotoletta,France,viande
Oyster stew,États-Unis,huître
Mực rang muối,Viêt Nam,Teuthida
Crab puff,États-Unis,crab meat
Steak and oyster pie,Angleterre,"huître, viande bovine"
Crabe sauce d'huître,République populaire de Chine,Brachyura
mille-feuille,France,œuf
Kransekake,Danemark,amandier
gâteau des anges,États-Unis,"sucre, farine, blanc d'œuf, Q16630393"
quatre-quarts,royaume de Grande-Bretagne,"sucre, beurre, farine, œuf"
pancake,République populaire de Chine,"lait, farine, huile, œuf"
Religieuse,France,farine
kouglof,Allemagne,levure de boulanger
Gâteau de Battenberg,Royaume-Uni,farine
Pain d'épices,Suède,gingembre
panpepato,Italie,amandier
Paska,"Russie, Biélorussie","lait, sucre, beurre, œuf"
muffin,États-Unis,farine
Tourte au kirsch de Zoug,Suisse,Sponge cake
Galette,France,farine
Prinzregententorte,Allemagne,Sponge cake
Baba au rhum,"Italie, France",œuf
Tarte Dobos,Hongrie,"chocolat, Vanille, rhum, sucre glace, Sponge cake, jus de citron"
Bienenstich,Allemagne,œuf
Streuselkuchen,Allemagne,streusel
Frankfurter Kranz,Turquie,Sponge cake
kouign-amann,France,"sucre, beurre, pâte"
Linzer Torte,Autriche,farine
dacquoise,France,meringue
madeleine,France,farine
gâteau aux carottes,Suisse,"carotte, farine"
gâteau basque,France,Plat aux amandes
Pastiera,Italie,Ricotta
cupcake,États-Unis,beurre
Scone,Royaume-Uni,blé
tarte à la crème de Boston,États-Unis,Sponge cake
Buccellato,Italie,fruit confit
saint-honoré,France,"pâte feuilletée, profiterole, Crème chiboust"
Cassata,Italie,Sponge cake
Sponge cake,Italie,farine
gooey butter cake,États-Unis,farine de blé
Gâteaux gallois,pays de Galles,farine
Bolo de Mel,Portugal,mélasse
Paris-Brest,France,"amande, pâte à choux, crème mousseline"
Eccles cake,"Angleterre, Royaume-Uni",flaky pastry
Prinsesstårta,Suède,Sponge cake
Chiffon cake,États-Unis,farine
Far breton,France,œuf
Kulfi,Empire moghol,lait
Bouza,Syrie,"lait, Salep"
Butter Pecan,États-Unis,Pacanier
Glace à la pâte à cookies aux pépites de chocolat,États-Unis,cookie aux pépites de chocolat
Nieve,Mexique,"eau, fruit"
Bastani,Iran,lait
Glace Hokey Pokey,Nouvelle-Zélande,"honeycomb toffee, glace à la vanille"
Raspberry Ripple,Royaume-Uni,framboise
rocky road,États-Unis,glace au chocolat
Tafelspitz,Autriche,viande bovine
Cordon bleu,Suisse,"fromage, veau"
Carpaccio,Italie,viande bovine
steak and kidney pie,Royaume-Uni,viande bovine
Chateaubriand (viande),Angleterre,filet de bœuf
Pepper steak,République populaire de Chine,viande bovine
Coda alla vaccinara,Italie,rabo de toro
Tournedos Rossini,France,Filet mignon
sandwich français au bœuf avec sauce,États-Unis,baguette
Pašticada,Croatie,viande bovine
Sandwich italien au bœuf,États-Unis,Rosbif
Steak frites,Belgique,steak
Steamed meatball,Hong Kong,viande bovine
Pozharsky cutlet,Russie,poulet
Mechado,Philippines,viande
Beef Manhattan,États-Unis,viande bovine
beef bun,Hong Kong,"pain, bœuf haché"
Bistek,Philippines,viande
Bulalo,Philippines,viande bovine
hot hamburger plate,États-Unis,frite
Rollatini,Italie,aubergine
Skomakarlåda,Suède,purée de pommes de terre
Steak Diane,États-Unis,bifteck
Suadero,Mexique,viande bovine
Tavern sandwich,États-Unis,bun
Rouladen,Bohême,"lard, œuf, moutarde, viande bovine, cornichon"
tigre qui pleure,Thaïlande,"fish sauce, brisket"
Rocky Mountain oysters,Canada,Animelles
Steak de Burgo,États-Unis,filet de bœuf
Steak de Hambourg,Allemagne,bifteck
Empal gepuk,"Indonésie, Java occidental","sucre, viande bovine, lait de coco, condiment"
Alambre,Mexique,viande
Sarsiado,Philippines,poisson
Nem Nướng,Viêt Nam,viande hachée
Osam bulgogi,Corée,Céphalopodes utilisés en cuisine
Sisig,Philippines,viande de porc
Galbi,Corée,Bos taurus
Bulgogi,Corée du Nord,viande bovine
Katsukarē,Japon,Oryza sativa
Cassoeula,Italie,Chou de Milan
Saltimbocca,Italie,"Sauge, veau, Prosciutto crudo"
Bacon Explosion,États-Unis,lard
Char siu,République populaire de Chine,"miel, viande de porc, Sauce hoisin, vin muté, Cinq épices, Alcool de riz, Tofu fermenté, dark soy sauce"
Brochette,Portugal,viande
Kakuni,Japon,lard
pork pie,Royaume-Uni,viande de porc
Bakkwa,République populaire de Chine,"viande de porc, Viande séchée"
Tourtière du Lac-Saint-Jean,Canada,viande de porc
Dinuguan,Philippines,viande de porc
chicharrón,Espagne,"pork belly, couenne"
Rosticciana,Italie,viande de porc
Slavink,Pays-Bas,viande de porc
Carnitas,Mexique,Mijotage
Cơm tấm,Viêt Nam,riz
pork tenderloin sandwich,États-Unis,breaded cutlet
nem,Viêt Nam,viande hachée
Tokwa’t baboy,Philippines,viande de porc
opéra,France,Sponge cake
Bundt cake,États-Unis,farine
Spekkoek,Indonésie,jaune d'oeuf
frog cake,Australie,Sponge cake
Shortcake,Royaume-Uni,farine
Nürnberger Lebkuchen,Allemagne,miel
Belokranjska povitica,Slovénie,farine
Torta caprese,Italie,beurre
Parkin,"Angleterre, Royaume-Uni",farine
Uirō,Japon,"farine, farine de riz"
Cornulete,Roumanie,Loukoum
Fraisier,France,"crème, Génoise, fraise"
framboisier,France,framboise
Gâteau-semelle,Mongolie,graisse
Joffre,Roumanie,babeurre
Mchewek,Algérie,"œuf, amande"
gâteau à la broche,Allemagne,farine
Bulla cake,Jamaïque,mélasse
Chantilly cake,États-Unis,gâteau au chocolat
Coconut cake,États-Unis,noix de coco
depression cake,États-Unis,farine
dirt cake,États-Unis,Oreo
doberge cake,États-Unis,gâteau
Fat rascal,Royaume-Uni,raisin de Corinthe
Funing big cake,République populaire de Chine,riz gluant
Garash cake,Bulgarie,noix
Happy Cake,États-Unis,ananas
Heavy cake,Royaume-Uni,farine
Miche,France,"farine de maïs, blé"
Paper wrapped cake,Hong Kong,Chiffon cake
Tea loaf,"Angleterre, Royaume-Uni",fruit
toto,Jamaïque,noix de coco
Bái táng gāo,République populaire de Chine,farine de riz
Q12224442,Arabie saoudite,"sucre, farine, huile"
mendiant,France,chocolat
Khobz el bey,Algérie,Plat aux amandes
Swiss Wing,"République populaire de Chine, Hong Kong",viande de poulet
Dong'an chicken,République populaire de Chine,viande de poulet
hot chicken,États-Unis,"Uranus, piment de Cayenne"
Coq au vin,France,viande de poulet
Coronation chicken,Royaume-Uni,"viande de poulet, curry"
Poulet à la Kiev,Empire russe,"beurre, Chapelure, viande de poulet"
Buldak,Corée,viande de poulet
Sanbeiji,"République populaire de Chine, Chine","huile de sésame, sauce soja, viande de poulet, Alcool de riz"
White cut chicken,République populaire de Chine,viande de poulet
Galinha à Portuguesa,Macao,"riz, viande de poulet, pomme de terre"
Poulet tandoori,Inde,viande de poulet
poulet frit,Écosse,viande de poulet
nugget de poulet,Nouvelle-Zélande,viande de poulet
ailes de poulet à la mode de Buffalo,États-Unis,chicken wing
lemon chicken,République populaire de Chine,viande de poulet
dak-galbi,Corée,viande de poulet
Butter chicken,Inde,viande de poulet
Poulet Marengo,France,viande de poulet
Chicken 65,Inde,poulet
Coxinha,Brésil,viande
Pollo a la Brasa,Pérou,viande de poulet
Andong jjimdak,Corée,viande de poulet
Bourbon chicken,États-Unis,viande de poulet
galinha à Africana,Macao,viande de poulet
cashew chicken,États-Unis,viande de poulet
chicken and waffles,États-Unis,"gaufre, poulet frit"
Bâtonnet de poulet,États-Unis,viande de poulet
Chicken parm,États-Unis,"mozzarella, Parmigiano Reggiano, viande de poulet, sauce tomate"
chicken à la King,Angleterre,viande de poulet
Chikuzenni,Japon,Dashi
Chilli chicken,Inde,viande de poulet
crispy fried chicken,République populaire de Chine,viande de poulet
Dakjuk,Corée,viande de poulet
Poulet à l'écorce de mandarine,États-Unis,"orange, viande de poulet"
Livre de cuisine/Poulet à la sauce soja,République populaire de Chine,viande de poulet
Gulai Ayam,Indonésie,Gulai
Circassian chicken,Circassie,viande de poulet
Lontong Cap Go Meh,Indonésie,"lait de coco, Lontong, poivrier, coriander seed, tête d'ail"
Nasi tim,Indonésie,riz
Opor ayam,Indonésie,viande de poulet
Ostropel,Roumanie,viande de poulet
Poulet au fromage,France,viande de poulet
dak-bokkeum-tang,Corée,viande de poulet
Wenchang chicken,République populaire de Chine,viande de poulet
Taiwan fried chicken,Taïwan,viande de poulet
Mie ayam,Indonésie,nouille
Ayam bakar,Indonésie,viande de poulet
sulu köfte,Turquie,viande hachée
Granita,Sicile,sucre
Touron,"Espagne, Italie","miel, sucre, œuf, amande"
Bündner Nusstorte,Suisse,"noix, pâte brisée"
Caviar rouge,Japon,rogue
Faludeh,Iran,vermicelle
gâteau de Sirop,États-Unis,cuisine cadienne
Walnut and coffee cake,Royaume-Uni,Sponge cake
pain d'épices,France,gâteau
tompouce,Pays-Bas,pâte feuilletée
Q21057408,Chili,"jambon, viande de porc"
Lady Baltimore cake,États-Unis,Sponge cake
Karydopita,Grèce,noix
blackout cake,États-Unis,chocolate pudding
Q47347125,Italie,"pain, lait, raisin sec, biscuit, cacaoyer, Pignon de pin, fruit confit, Arôme, Amaretti"
Bretzel,Allemagne,farine
Patbingsu,Corée,Haricot azuki
Surimi,Japon,fish fillet
baekseolgi,Corée,farine de riz
Kakigōri,Japon,glace
Mujigae-tteok,Corée,farine de riz
Sauce XO,Hong Kong,Conpoy
hot dog bun,États-Unis,farine
injeolmi,Corée,riz gluant
California roll,États-Unis,"riz, avocat, concombre, crab meat"
Tteokbokki,Corée,tteokmyeon
pain melon,Japon,pâte
jambon-beurre,France,"beurre, jambon, baguette, cornichon"
Poulet au marsala,Italie,"farine, échalote, champignon comestible, Marsala, viande de poulet, oignon"
Mahyawa,Iran,poisson
Budu,Malaisie,Anchois
bupyeon,Corée,riz gluant
Chapssal-tteok,Corée,riz gluant
Colston bun,Angleterre,levure de boulanger
jeolpyeon,Corée,farine de riz
Jeungpyeon,Corée,farine de riz
peanut butter bun,Hong Kong,Beurre d'arachide
Mantou,République populaire de Chine,farine de blé
My yhs,Espagne,"fromage, jambon de Paris"
oladyi,Russie,Pâte
Gravlax,Suède,saumon
Poffertjes,Pays-Bas,Pâte
Mochi,Japon,riz gluant
Suncake,Taïwan,Maltose
Blini,Russie,Pâte
Donauwelle,Allemagne,farine
Hirayachi,Japon,œuf
Butterkuchen,Allemagne,farine
Dosa,Inde,riz
Dorayaki,Japon,"Kasutera, Anko"
ceviche,Pérou,"poisson, coquille"
Gundel pancake,Hongrie,noix
Lahoh,Somalie,farine
tiradito,Pérou,"poisson, jus de lime"
Crempog,pays de Galles,farine
Appam,Sri Lanka,Pâte
Borlengo,Italie,lait
Boquerones en vinagre,Espagne,Anchois
apam balik,Brunei,farine
chalbori-ppang,Corée,barley
Serabi,Indonésie,farine de riz
Farinata,Italie,pois chiche
Funkaso,Nigeria,millet
Garudiya,Maldives,thunnini
Mas huni,Maldives,thunnini
Mas riha,Maldives,thunnini
Memela,Mexique,masa
Munini-imo,Japon,fécule de pomme de terre
Pan bati,Antilles néerlandaises,Sorghum
Ploye,Canada,sarrasin
Hinava,Malaisie,poisson
tomato omelette,Inde,tomate
Tuna casserole,États-Unis,nouille
Palačinka,Autriche,"lait, farine, œuf"
Ayam goreng,Indonésie,viande de poulet
Umai,Malaisie,poisson
Chicken Chettinad,Inde,viande de poulet
Q17998502,Indonésie,viande de poulet
Ayam masak merah,Malaisie,viande de poulet
Har cheong gai,Singapour,chicken wing
cornet à glace,Italie,farine
tarte costarde,France,œuf
Q3907228,Italie,polenta
poularde demi-deuil,France,"poularde, truffe"
Sweetened potato casserole,Finlande,pomme de terre
Sabayon,Italie,"sucre, œuf"
Cobbler,États-Unis,"Pâte, fruit"
Quesada pasiega,Espagne,lait
Trifle,Angleterre,crème pâtissière
Dame blanche,France,"crème glacée, sirop de chocolat, crème fouettée"
Cuajada,Espagne,lait de brebis
Xuixo,Espagne,crème pâtissière
Pootharekulu,Inde,riz
snow skin mooncake,"République populaire de Chine, Hong Kong",riz gluant
Xohol,Mexique,"cannelle, farine de maïs, noix de coco"
Q12268392,Enkarterri,"sucre, cannelle"
Hib,Croatie,"brandy, amande, figue"
Ciğer kebap,Turquie,foie
Salade lyonnaise,France,Salade (plante)
Kasutera,Japon,farine
Lamington,Australie,glaçage
Twinkie,États-Unis,farine de blé
Dundee Cake,Écosse,raisin de Corinthe
Tarte Tatin,France,pomme
Panforte,Italie,fruit à coque
Red velvet cake,États-Unis,farine
Prekmurska gibanica,Slovénie,farine
tourte aux mûres,États-Unis,mûre
Jalea,Pérou,"manioc, produit de la mer, poisson, salsa criolla, Capsicum baccatum ‘Aji Amarillo’"
jambon ibérique,"Espagne, Portugal",jambon
Chocolate crackles,Australie,Rice Krispies
Elenski but,Bulgarie,jambon
Kek Lapis Sarawak,Malaisie,beurre
Neer dosa,Inde,riz
Puftaloon,Australie,farine
rock cake,Royaume-Uni,farine
Simnel cake,Royaume-Uni,massepain
Morue,Portugal,morue de l'Atlantique
Génoise,Italie,farine
padak,Corée du Sud,"viande de poulet, poireau"
Moon pie,États-Unis,"chocolat, guimauve, Biscuit Graham"
Staffordshire oatcake,"Angleterre, Royaume-Uni",oatmeal
Kue mangkok,Indonésie,"farine, levure de boulanger, farine de riz, farine de blé, Q19743784"
Asado,Argentine,viande bovine
Q3980016,Italie,viande de dinde
Q63524838,"Éthiopie, Érythrée",Injera
Applebee's Classic Combo,États-Unis,"quesadilla, mozzarella sticks, ailes de poulet à la mode de Buffalo, chips and dip, artichoke dip"
S'more,États-Unis,"chocolat, guimauve, Biscuit Graham"
taquito,Mexique,tortilla
khichdi,sous-continent indien,"riz, lentil"
Ema datshi,Bhoutan,"piment, Datshi"
Bai ye,République populaire de Chine,tofu
couilles de mouton,France,testicule
Kare-kare,Philippines,rabo de toro
Zeeuws spek,Pays-Bas,viande de porc
Q3753375,Hongrie,œuf
Sangrecita,Pérou,sang
Flan,Italie,œuf
Dahi baigana,Inde,aubergine
Q5684811,Iran,olive
cheese on toast,Royaume-Uni,"pain grillé, fromage"
Enchilada,Mexique,tortilla
Bobotie,Afrique du Sud,viande hachée
bossam,Corée,carré
Gachas,Espagne,farine de blé
Ganca,Roumanie,maïs
Chana masala,Inde,pois chiche
Chawanmushi,Japon,œuf
Pogo (nourriture),États-Unis,"hot-dog, saucisse de Vienne"
Crostini,Italie,pain
Saganáki,Grèce,fromage
Bamba,Israël,Beurre d'arachide
fricadelle,Belgique,viande hachée
Foul,Égypte,broad bean
Q61081704,Roumanie,chicken breast
Mars frit,Écosse,"Pâte, Mars"
Zuccotto,Italie,gâteau
Zuppa inglese,Italie,œuf
Onsen tamago,Japon,œuf
gimbap,Corée,"riz, légume, omelette, algue, jambon, produit de la mer"
Omelette norvégienne,France,"crème glacée, biscuit, meringue"
Frijoles refritos,Mexique,"saindoux, légume sec, fond, oignon, tête d'ail"
Mititei,Roumanie,"ail, poivre, viande bovine, viande d'agneau"
Shkedei marak,Israël,farine
hwajeon,Corée,jeon
wolgwa-chae,Corée,muskmelon
Gelée d'herbe,République populaire de Chine,Platostoma palustre
Bakewell tart,"Angleterre, Royaume-Uni","confiture, amande, Frangipane, pâte brisée"
Q30918987,Espagne,crème pâtissière
Q55788422,Allemagne,"pumpernickel, Q1520464"
Applebee's Triple Chocolate Meltdown,États-Unis,"gâteau au chocolat, sirop de chocolat, glace à la vanille"
Lontong,Indonésie,gâteau de riz
Tramezzino,Italie,pain
Pasta con le sarde,Italie,pâtes
Lomo saltado,Pérou,"viande, vinaigre, sauce soja, Capsicum baccatum ‘Aji Amarillo’"
Callos con garbanzos,Turquie,"tripes, pois chiche"
Q29998523,Espagne,"pain, ail, œuf, amande"
Potée berrichonne,France,viande de porc
Aubergines à la bonifacienne,France,aubergine
tava,Arménie,"courgette, viande d'agneau, oignon, tomate"
Q55832716,Italie,"bouillon, Q3953085"
Q58611926,Chili,"vin blanc, produit de la mer, oignon, tête d'ail"
Mexican rice,Mexique,"riz, tomate, cumin"
beef and broccoli,États-Unis,"brocoli, viande bovine"
Burger King Hash Browns,États-Unis,Hash browns
Burger King French Toast Sticks,États-Unis,pain perdu
Burger King Onion Rings,États-Unis,oignon
Chick-fil-A Chicken Sandwich,États-Unis,"poulet, aliments en saumure, bun"
Salade de chèvre chaud,France,"salade, fromage de chèvre"
Applebee's Spinach + Artichoke Dip,États-Unis,spinach and artichoke dip
Chicken Wonton Tacos,États-Unis,"poulet, sauce, taco, coleslaw, coriandre"
Carne Polaca,Mexique,"viande bovine, viande de poulet, chou"
chicken-fried chicken,États-Unis,"Sauce au jus de viande, poulet frit"
tempura udon,Japon,"soupe, tempura, Udon"
Kun,Turquie,viande de chèvre
Rouleau d'été,Viêt Nam,viande de porc
Efó,Brésil,"Chili (mélange d'épices), crevette, tête d'ail"
Iscas,Portugal,foie
Tjälknöl,Suède,élan
Äggakaka,Suède,"Apple, lait, œuf, airelle rouge, viande de porc, compote de pommes, farine de blé"
Hotsi,Finlande,"viande, Q1423725, oignon"
Q12033864,Slovaquie,"chlorure de sodium, farine, pomme de terre"
smaženice,"Bohême, Moravie","Fungi, œuf"
Zhent,Asie centrale,"miel, raisin sec, millet, quark, Beurre clarifié, sucre blanc"
Igado,Philippines,"ail, viande de porc, Capsicum"
Bugis,Indonésie,"Coleoptera, farine de riz"
Q13583872,Bohême,"Sambucus nigra, farine, œuf"
Q16089496,Serbie,"kajmak, œuf de poule"
Olluquito,Pérou,"Charqui, Ulluco"
Orzotto,Italie,orge perlé
Q1302342,Hongrie,"crème, choucroute"
galette-saucisse,France,"galette de sarrasin, saucisse"
sandwich à la viande fumée,Canada,"moutarde, viande fumée, pain de seigle"
Q5736147,Pérou,"Marraqueta, salsa criolla, Q5925980"
Buttermilk koldskål,Danemark,babeurre
Bubble and squeak,Royaume-Uni,pomme de terre
Pommes de terre ridées des Canaries,Espagne,pomme de terre
Riz wolof,Sénégal,"riz, huile de palme, tomate"
ovos moles,Portugal,jaune d'oeuf
Maluns,"Suisse, Autriche","beurre, farine, pomme de terre"
Panipuri,Inde,farine
Bangers and mash,Royaume-Uni,purée de pommes de terre
Homard Thermidor,France,homard
Homard à l'américaine,France,homard
Q7395374,Malaisie,"Gohan, oryza"
Q22230906,Lituanie,"oignon, viande hachée, pomme de terre"
pasta alla gricia,Italie,"pâtes, Guanciale, Pecorino romano"
Weisswurst,Allemagne,"viande de porc, veau"
Bak Kut Teh,Malaisie,Travers de porc
Taro dumpling,République populaire de Chine,taro
Devils on horseback,Royaume-Uni,"fruit séché, Bacon"
Civet de lapin,France,viande de lapin
Festival,Jamaïque,"sel, Levure chimique, farine de maïs, sucre roux de canne, common wheat flour"
Taco rice,Japon,"riz, tomate, viande bovine, Lactuca"
Sno-ball,États-Unis,eau
Clamato,États-Unis,tomate
White boiled shrimp,République populaire de Chine,crevette
Albap,Corée,bap
Buccellato di Lucca,Italie,Sultanine
Tepek,Malaisie,"banane, sucre, farine de blé, noix de coco"
Kvæfjord cake,Norvège,"Vanille, amandier, meringue, Q19378090"
Gâteau au fromage japonais,Japon,œuf
Q52376734,Suisse,"beurre, pâte"
Q52378255,Suisse,"pâte, crème fouettée, blanc en neige"
Q56756138,Suisse,"Boudoir, beurre, meringue"
Q11675813,Japon,viande de poulet
Q12024336,Bhoutan,"tomate, viande de poulet"
Sobao,Espagne,sucre
